{
  "task_id": "bo",
  "num_objectives": 1,
  "num_constraints": 0,
  "ref_point": null,
  "meta_info": {
    "meta_feature": [
      0.15761238025316415,
      0.2387782271900919,
      0.8944250603008913,
      0.6897905600156937,
      0.8650847726782871,
      0.8967076545813547,
      0.5285669176058563,
      0.47781427514037755,
      0.3725827677505358,
      0.8388507660199119,
      0.6945674022628524,
      0.9849812195107754,
      0.5439761033129937,
      0.9899873776364712,
      0.45638296678345924,
      0.7724639234776632,
      0.7191376071901578,
      0.7741106541403292,
      0.5264375930032369,
      0.9117750275877409,
      0.29587493977451595,
      0.4573447075146869,
      0.026947863473053002,
      0.8326554474232368,
      0.9927188668961491,
      0.09340125773615437,
      0.0911665807742037,
      0.9313404997553582,
      0.17462646173663854,
      0.5731327025026909,
      0.7016659649324485,
      0.9816195484122624,
      0.9003995168997818,
      0.7188359356456738
    ],
    "random": {
      "seed": 100,
      "rand_prob": 0.15,
      "rand_mode": "ran"
    },
    "space": {
      "original": {
        "hyperparameters": [
          {
            "name": "spark.broadcast.blockSize",
            "type": "uniform_int",
            "log": false,
            "lower": 1,
            "upper": 32,
            "default": 4
          },
          {
            "name": "spark.default.parallelism",
            "type": "uniform_int",
            "log": false,
            "lower": 100,
            "upper": 3000,
            "default": 600
          },
          {
            "name": "spark.driver.cores",
            "type": "uniform_int",
            "log": false,
            "lower": 1,
            "upper": 16,
            "default": 1
          },
          {
            "name": "spark.driver.maxResultSize",
            "type": "uniform_int",
            "log": false,
            "lower": 2048,
            "upper": 6144,
            "default": 2048
          },
          {
            "name": "spark.driver.memory",
            "type": "uniform_int",
            "log": false,
            "lower": 10,
            "upper": 120,
            "default": 20
          },
          {
            "name": "spark.driver.memoryOverhead",
            "type": "uniform_int",
            "log": false,
            "lower": 384,
            "upper": 20480,
            "default": 1024
          },
          {
            "name": "spark.executor.cores",
            "type": "uniform_int",
            "log": false,
            "lower": 1,
            "upper": 32,
            "default": 16
          },
          {
            "name": "spark.executor.heartbeatInterval",
            "type": "uniform_int",
            "log": false,
            "lower": 5,
            "upper": 100,
            "default": 10
          },
          {
            "name": "spark.executor.instances",
            "type": "uniform_int",
            "log": false,
            "lower": 1,
            "upper": 24,
            "default": 12
          },
          {
            "name": "spark.executor.memory",
            "type": "uniform_int",
            "log": false,
            "lower": 1,
            "upper": 180,
            "default": 52
          },
          {
            "name": "spark.executor.memoryOverhead",
            "type": "uniform_int",
            "log": false,
            "lower": 384,
            "upper": 20480,
            "default": 1024
          },
          {
            "name": "spark.files.fetchTimeout",
            "type": "uniform_int",
            "log": false,
            "lower": 1,
            "upper": 300,
            "default": 60
          },
          {
            "name": "spark.files.maxPartitionBytes",
            "type": "uniform_int",
            "log": false,
            "lower": 10485760,
            "upper": 524288000,
            "default": 134217728
          },
          {
            "name": "spark.files.openCostInBytes",
            "type": "uniform_int",
            "log": false,
            "lower": 1048576,
            "upper": 10485760,
            "default": 4194304
          },
          {
            "name": "spark.io.compression.snappy.blockSize",
            "type": "uniform_int",
            "log": false,
            "lower": 1,
            "upper": 96,
            "default": 32
          },
          {
            "name": "spark.kryoserializer.buffer",
            "type": "uniform_int",
            "log": false,
            "lower": 1,
            "upper": 300,
            "default": 64
          },
          {
            "name": "spark.kryoserializer.buffer.max",
            "type": "uniform_int",
            "log": false,
            "lower": 1,
            "upper": 1024,
            "default": 64
          },
          {
            "name": "spark.locality.wait",
            "type": "uniform_int",
            "log": false,
            "lower": 0,
            "upper": 10,
            "default": 0
          },
          {
            "name": "spark.memory.fraction",
            "type": "uniform_float",
            "log": false,
            "lower": 0.1,
            "upper": 0.9,
            "default": 0.6
          },
          {
            "name": "spark.memory.offHeap.size",
            "type": "uniform_int",
            "log": false,
            "lower": 0,
            "upper": 10,
            "default": 1
          },
          {
            "name": "spark.memory.storageFraction",
            "type": "uniform_float",
            "log": false,
            "lower": 0.1,
            "upper": 0.9,
            "default": 0.5
          },
          {
            "name": "spark.network.timeout",
            "type": "uniform_int",
            "log": false,
            "lower": 120,
            "upper": 30000,
            "default": 600
          },
          {
            "name": "spark.network.timeoutInterval",
            "type": "uniform_int",
            "log": false,
            "lower": 30,
            "upper": 600,
            "default": 60
          },
          {
            "name": "spark.reducer.maxSizeInFlight",
            "type": "uniform_int",
            "log": false,
            "lower": 1,
            "upper": 300,
            "default": 48
          },
          {
            "name": "spark.scheduler.excludeOnFailure.unschedulableTaskSetTimeout",
            "type": "uniform_int",
            "log": false,
            "lower": 100,
            "upper": 600,
            "default": 120
          },
          {
            "name": "spark.scheduler.maxRegisteredResourcesWaitingTime",
            "type": "uniform_int",
            "log": false,
            "lower": 10,
            "upper": 120,
            "default": 30
          },
          {
            "name": "spark.scheduler.minRegisteredResourcesRatio",
            "type": "uniform_float",
            "log": false,
            "lower": 0.5,
            "upper": 1.0,
            "default": 0.8
          },
          {
            "name": "spark.scheduler.revive.interval",
            "type": "uniform_int",
            "log": false,
            "lower": 1,
            "upper": 10,
            "default": 1
          },
          {
            "name": "spark.shuffle.accurateBlockThreshold",
            "type": "uniform_int",
            "log": false,
            "lower": 1048576,
            "upper": 314572800,
            "default": 104857600
          },
          {
            "name": "spark.shuffle.file.buffer",
            "type": "uniform_int",
            "log": false,
            "lower": 1,
            "upper": 300,
            "default": 32
          },
          {
            "name": "spark.shuffle.mapOutput.minSizeForBroadcast",
            "type": "uniform_int",
            "log": false,
            "lower": 100,
            "upper": 3000,
            "default": 512
          },
          {
            "name": "spark.shuffle.registration.maxAttempts",
            "type": "uniform_int",
            "log": false,
            "lower": 1,
            "upper": 5,
            "default": 3
          },
          {
            "name": "spark.shuffle.registration.timeout",
            "type": "uniform_int",
            "log": false,
            "lower": 1000,
            "upper": 10000,
            "default": 5000
          },
          {
            "name": "spark.shuffle.service.index.cache.size",
            "type": "uniform_int",
            "log": false,
            "lower": 1,
            "upper": 300,
            "default": 100
          },
          {
            "name": "spark.shuffle.spill.diskWriteBufferSize",
            "type": "uniform_int",
            "log": false,
            "lower": 1048576,
            "upper": 104857600,
            "default": 1048576
          },
          {
            "name": "spark.shuffle.unsafe.file.output.buffer",
            "type": "uniform_int",
            "log": false,
            "lower": 1,
            "upper": 300,
            "default": 32
          },
          {
            "name": "spark.speculation.interval",
            "type": "uniform_int",
            "log": false,
            "lower": 100,
            "upper": 1000,
            "default": 100
          },
          {
            "name": "spark.speculation.quantile",
            "type": "uniform_float",
            "log": false,
            "lower": 0.1,
            "upper": 1.0,
            "default": 0.75
          },
          {
            "name": "spark.sql.adaptive.rebalancePartitionsSmallPartitionFactor",
            "type": "uniform_float",
            "log": false,
            "lower": 0.1,
            "upper": 1.0,
            "default": 0.2
          },
          {
            "name": "spark.sql.autoBroadcastJoinThreshold",
            "type": "uniform_int",
            "log": false,
            "lower": 10,
            "upper": 3000,
            "default": 100
          },
          {
            "name": "spark.sql.broadcastTimeout",
            "type": "uniform_int",
            "log": false,
            "lower": 300,
            "upper": 30000,
            "default": 600
          },
          {
            "name": "spark.sql.files.maxPartitionBytes",
            "type": "uniform_int",
            "log": false,
            "lower": 10485760,
            "upper": 524288000,
            "default": 134217728
          },
          {
            "name": "spark.sql.shuffle.partitions",
            "type": "uniform_int",
            "log": false,
            "lower": 100,
            "upper": 3000,
            "default": 600
          },
          {
            "name": "spark.sql.sources.parallelPartitionDiscovery.parallelism",
            "type": "uniform_int",
            "log": false,
            "lower": 10,
            "upper": 500,
            "default": 60
          },
          {
            "name": "spark.stage.maxConsecutiveAttempts",
            "type": "uniform_int",
            "log": false,
            "lower": 1,
            "upper": 10,
            "default": 4
          },
          {
            "name": "spark.storage.localDiskByExecutors.cacheSize",
            "type": "uniform_int",
            "log": false,
            "lower": 100,
            "upper": 3000,
            "default": 1000
          },
          {
            "name": "spark.storage.memoryMapThreshold",
            "type": "uniform_int",
            "log": false,
            "lower": 1,
            "upper": 10,
            "default": 2
          },
          {
            "name": "spark.storage.unrollMemoryThreshold",
            "type": "uniform_int",
            "log": false,
            "lower": 1048576,
            "upper": 8388608,
            "default": 1048576
          },
          {
            "name": "spark.task.cpus",
            "type": "uniform_int",
            "log": false,
            "lower": 1,
            "upper": 8,
            "default": 1
          },
          {
            "name": "spark.task.maxFailures",
            "type": "uniform_int",
            "log": false,
            "lower": 1,
            "upper": 10,
            "default": 4
          },
          {
            "name": "spark.task.reaper.pollingInterval",
            "type": "uniform_int",
            "log": false,
            "lower": 5,
            "upper": 60,
            "default": 10
          }
        ],
        "conditions": [],
        "forbiddens": [],
        "python_module_version": "0.6.1",
        "json_format_version": 0.4
      },
      "dimension": {
        "hyperparameters": [
          {
            "name": "spark.broadcast.blockSize",
            "type": "uniform_int",
            "log": false,
            "lower": 1,
            "upper": 32,
            "default": 4
          },
          {
            "name": "spark.default.parallelism",
            "type": "uniform_int",
            "log": false,
            "lower": 100,
            "upper": 3000,
            "default": 600
          },
          {
            "name": "spark.driver.cores",
            "type": "uniform_int",
            "log": false,
            "lower": 1,
            "upper": 16,
            "default": 1
          },
          {
            "name": "spark.driver.maxResultSize",
            "type": "uniform_int",
            "log": false,
            "lower": 2048,
            "upper": 6144,
            "default": 2048
          },
          {
            "name": "spark.driver.memory",
            "type": "uniform_int",
            "log": false,
            "lower": 10,
            "upper": 120,
            "default": 20
          },
          {
            "name": "spark.driver.memoryOverhead",
            "type": "uniform_int",
            "log": false,
            "lower": 384,
            "upper": 20480,
            "default": 1024
          },
          {
            "name": "spark.executor.cores",
            "type": "uniform_int",
            "log": false,
            "lower": 1,
            "upper": 32,
            "default": 16
          },
          {
            "name": "spark.executor.heartbeatInterval",
            "type": "uniform_int",
            "log": false,
            "lower": 5,
            "upper": 100,
            "default": 10
          },
          {
            "name": "spark.executor.instances",
            "type": "uniform_int",
            "log": false,
            "lower": 1,
            "upper": 24,
            "default": 12
          },
          {
            "name": "spark.executor.memory",
            "type": "uniform_int",
            "log": false,
            "lower": 1,
            "upper": 180,
            "default": 52
          },
          {
            "name": "spark.executor.memoryOverhead",
            "type": "uniform_int",
            "log": false,
            "lower": 384,
            "upper": 20480,
            "default": 1024
          },
          {
            "name": "spark.files.fetchTimeout",
            "type": "uniform_int",
            "log": false,
            "lower": 1,
            "upper": 300,
            "default": 60
          },
          {
            "name": "spark.files.maxPartitionBytes",
            "type": "uniform_int",
            "log": false,
            "lower": 10485760,
            "upper": 524288000,
            "default": 134217728
          },
          {
            "name": "spark.files.openCostInBytes",
            "type": "uniform_int",
            "log": false,
            "lower": 1048576,
            "upper": 10485760,
            "default": 4194304
          },
          {
            "name": "spark.io.compression.snappy.blockSize",
            "type": "uniform_int",
            "log": false,
            "lower": 1,
            "upper": 96,
            "default": 32
          },
          {
            "name": "spark.kryoserializer.buffer",
            "type": "uniform_int",
            "log": false,
            "lower": 1,
            "upper": 300,
            "default": 64
          },
          {
            "name": "spark.kryoserializer.buffer.max",
            "type": "uniform_int",
            "log": false,
            "lower": 1,
            "upper": 1024,
            "default": 64
          },
          {
            "name": "spark.locality.wait",
            "type": "uniform_int",
            "log": false,
            "lower": 0,
            "upper": 10,
            "default": 0
          },
          {
            "name": "spark.memory.fraction",
            "type": "uniform_float",
            "log": false,
            "lower": 0.1,
            "upper": 0.9,
            "default": 0.6
          },
          {
            "name": "spark.memory.offHeap.size",
            "type": "uniform_int",
            "log": false,
            "lower": 0,
            "upper": 10,
            "default": 1
          },
          {
            "name": "spark.memory.storageFraction",
            "type": "uniform_float",
            "log": false,
            "lower": 0.1,
            "upper": 0.9,
            "default": 0.5
          },
          {
            "name": "spark.network.timeout",
            "type": "uniform_int",
            "log": false,
            "lower": 120,
            "upper": 30000,
            "default": 600
          },
          {
            "name": "spark.network.timeoutInterval",
            "type": "uniform_int",
            "log": false,
            "lower": 30,
            "upper": 600,
            "default": 60
          },
          {
            "name": "spark.reducer.maxSizeInFlight",
            "type": "uniform_int",
            "log": false,
            "lower": 1,
            "upper": 300,
            "default": 48
          },
          {
            "name": "spark.scheduler.excludeOnFailure.unschedulableTaskSetTimeout",
            "type": "uniform_int",
            "log": false,
            "lower": 100,
            "upper": 600,
            "default": 120
          },
          {
            "name": "spark.scheduler.maxRegisteredResourcesWaitingTime",
            "type": "uniform_int",
            "log": false,
            "lower": 10,
            "upper": 120,
            "default": 30
          },
          {
            "name": "spark.scheduler.minRegisteredResourcesRatio",
            "type": "uniform_float",
            "log": false,
            "lower": 0.5,
            "upper": 1.0,
            "default": 0.8
          },
          {
            "name": "spark.scheduler.revive.interval",
            "type": "uniform_int",
            "log": false,
            "lower": 1,
            "upper": 10,
            "default": 1
          },
          {
            "name": "spark.shuffle.accurateBlockThreshold",
            "type": "uniform_int",
            "log": false,
            "lower": 1048576,
            "upper": 314572800,
            "default": 104857600
          },
          {
            "name": "spark.shuffle.file.buffer",
            "type": "uniform_int",
            "log": false,
            "lower": 1,
            "upper": 300,
            "default": 32
          },
          {
            "name": "spark.shuffle.mapOutput.minSizeForBroadcast",
            "type": "uniform_int",
            "log": false,
            "lower": 100,
            "upper": 3000,
            "default": 512
          },
          {
            "name": "spark.shuffle.registration.maxAttempts",
            "type": "uniform_int",
            "log": false,
            "lower": 1,
            "upper": 5,
            "default": 3
          },
          {
            "name": "spark.shuffle.registration.timeout",
            "type": "uniform_int",
            "log": false,
            "lower": 1000,
            "upper": 10000,
            "default": 5000
          },
          {
            "name": "spark.shuffle.service.index.cache.size",
            "type": "uniform_int",
            "log": false,
            "lower": 1,
            "upper": 300,
            "default": 100
          },
          {
            "name": "spark.shuffle.spill.diskWriteBufferSize",
            "type": "uniform_int",
            "log": false,
            "lower": 1048576,
            "upper": 104857600,
            "default": 1048576
          },
          {
            "name": "spark.shuffle.unsafe.file.output.buffer",
            "type": "uniform_int",
            "log": false,
            "lower": 1,
            "upper": 300,
            "default": 32
          },
          {
            "name": "spark.speculation.interval",
            "type": "uniform_int",
            "log": false,
            "lower": 100,
            "upper": 1000,
            "default": 100
          },
          {
            "name": "spark.speculation.quantile",
            "type": "uniform_float",
            "log": false,
            "lower": 0.1,
            "upper": 1.0,
            "default": 0.75
          },
          {
            "name": "spark.sql.adaptive.rebalancePartitionsSmallPartitionFactor",
            "type": "uniform_float",
            "log": false,
            "lower": 0.1,
            "upper": 1.0,
            "default": 0.2
          },
          {
            "name": "spark.sql.autoBroadcastJoinThreshold",
            "type": "uniform_int",
            "log": false,
            "lower": 10,
            "upper": 3000,
            "default": 100
          },
          {
            "name": "spark.sql.broadcastTimeout",
            "type": "uniform_int",
            "log": false,
            "lower": 300,
            "upper": 30000,
            "default": 600
          },
          {
            "name": "spark.sql.files.maxPartitionBytes",
            "type": "uniform_int",
            "log": false,
            "lower": 10485760,
            "upper": 524288000,
            "default": 134217728
          },
          {
            "name": "spark.sql.shuffle.partitions",
            "type": "uniform_int",
            "log": false,
            "lower": 100,
            "upper": 3000,
            "default": 600
          },
          {
            "name": "spark.sql.sources.parallelPartitionDiscovery.parallelism",
            "type": "uniform_int",
            "log": false,
            "lower": 10,
            "upper": 500,
            "default": 60
          },
          {
            "name": "spark.stage.maxConsecutiveAttempts",
            "type": "uniform_int",
            "log": false,
            "lower": 1,
            "upper": 10,
            "default": 4
          },
          {
            "name": "spark.storage.localDiskByExecutors.cacheSize",
            "type": "uniform_int",
            "log": false,
            "lower": 100,
            "upper": 3000,
            "default": 1000
          },
          {
            "name": "spark.storage.memoryMapThreshold",
            "type": "uniform_int",
            "log": false,
            "lower": 1,
            "upper": 10,
            "default": 2
          },
          {
            "name": "spark.storage.unrollMemoryThreshold",
            "type": "uniform_int",
            "log": false,
            "lower": 1048576,
            "upper": 8388608,
            "default": 1048576
          },
          {
            "name": "spark.task.cpus",
            "type": "uniform_int",
            "log": false,
            "lower": 1,
            "upper": 8,
            "default": 1
          },
          {
            "name": "spark.task.maxFailures",
            "type": "uniform_int",
            "log": false,
            "lower": 1,
            "upper": 10,
            "default": 4
          },
          {
            "name": "spark.task.reaper.pollingInterval",
            "type": "uniform_int",
            "log": false,
            "lower": 5,
            "upper": 60,
            "default": 10
          }
        ],
        "conditions": [],
        "forbiddens": [],
        "python_module_version": "0.6.1",
        "json_format_version": 0.4
      },
      "range": {
        "hyperparameters": [
          {
            "name": "spark.broadcast.blockSize",
            "type": "uniform_int",
            "log": false,
            "lower": 1,
            "upper": 32,
            "default": 4
          },
          {
            "name": "spark.default.parallelism",
            "type": "uniform_int",
            "log": false,
            "lower": 100,
            "upper": 3000,
            "default": 600
          },
          {
            "name": "spark.driver.cores",
            "type": "uniform_int",
            "log": false,
            "lower": 1,
            "upper": 16,
            "default": 1
          },
          {
            "name": "spark.driver.maxResultSize",
            "type": "uniform_int",
            "log": false,
            "lower": 2048,
            "upper": 6144,
            "default": 2048
          },
          {
            "name": "spark.driver.memory",
            "type": "uniform_int",
            "log": false,
            "lower": 10,
            "upper": 120,
            "default": 20
          },
          {
            "name": "spark.driver.memoryOverhead",
            "type": "uniform_int",
            "log": false,
            "lower": 384,
            "upper": 20480,
            "default": 1024
          },
          {
            "name": "spark.executor.cores",
            "type": "uniform_int",
            "log": false,
            "lower": 1,
            "upper": 32,
            "default": 16
          },
          {
            "name": "spark.executor.heartbeatInterval",
            "type": "uniform_int",
            "log": false,
            "lower": 5,
            "upper": 100,
            "default": 10
          },
          {
            "name": "spark.executor.instances",
            "type": "uniform_int",
            "log": false,
            "lower": 1,
            "upper": 24,
            "default": 12
          },
          {
            "name": "spark.executor.memory",
            "type": "uniform_int",
            "log": false,
            "lower": 1,
            "upper": 180,
            "default": 52
          },
          {
            "name": "spark.executor.memoryOverhead",
            "type": "uniform_int",
            "log": false,
            "lower": 384,
            "upper": 20480,
            "default": 1024
          },
          {
            "name": "spark.files.fetchTimeout",
            "type": "uniform_int",
            "log": false,
            "lower": 1,
            "upper": 300,
            "default": 60
          },
          {
            "name": "spark.files.maxPartitionBytes",
            "type": "uniform_int",
            "log": false,
            "lower": 10485760,
            "upper": 524288000,
            "default": 134217728
          },
          {
            "name": "spark.files.openCostInBytes",
            "type": "uniform_int",
            "log": false,
            "lower": 1048576,
            "upper": 10485760,
            "default": 4194304
          },
          {
            "name": "spark.io.compression.snappy.blockSize",
            "type": "uniform_int",
            "log": false,
            "lower": 1,
            "upper": 96,
            "default": 32
          },
          {
            "name": "spark.kryoserializer.buffer",
            "type": "uniform_int",
            "log": false,
            "lower": 1,
            "upper": 300,
            "default": 64
          },
          {
            "name": "spark.kryoserializer.buffer.max",
            "type": "uniform_int",
            "log": false,
            "lower": 1,
            "upper": 1024,
            "default": 64
          },
          {
            "name": "spark.locality.wait",
            "type": "uniform_int",
            "log": false,
            "lower": 0,
            "upper": 10,
            "default": 0
          },
          {
            "name": "spark.memory.fraction",
            "type": "uniform_float",
            "log": false,
            "lower": 0.1,
            "upper": 0.9,
            "default": 0.6
          },
          {
            "name": "spark.memory.offHeap.size",
            "type": "uniform_int",
            "log": false,
            "lower": 0,
            "upper": 10,
            "default": 1
          },
          {
            "name": "spark.memory.storageFraction",
            "type": "uniform_float",
            "log": false,
            "lower": 0.1,
            "upper": 0.9,
            "default": 0.5
          },
          {
            "name": "spark.network.timeout",
            "type": "uniform_int",
            "log": false,
            "lower": 120,
            "upper": 30000,
            "default": 600
          },
          {
            "name": "spark.network.timeoutInterval",
            "type": "uniform_int",
            "log": false,
            "lower": 30,
            "upper": 600,
            "default": 60
          },
          {
            "name": "spark.reducer.maxSizeInFlight",
            "type": "uniform_int",
            "log": false,
            "lower": 1,
            "upper": 300,
            "default": 48
          },
          {
            "name": "spark.scheduler.excludeOnFailure.unschedulableTaskSetTimeout",
            "type": "uniform_int",
            "log": false,
            "lower": 100,
            "upper": 600,
            "default": 120
          },
          {
            "name": "spark.scheduler.maxRegisteredResourcesWaitingTime",
            "type": "uniform_int",
            "log": false,
            "lower": 10,
            "upper": 120,
            "default": 30
          },
          {
            "name": "spark.scheduler.minRegisteredResourcesRatio",
            "type": "uniform_float",
            "log": false,
            "lower": 0.5,
            "upper": 1.0,
            "default": 0.8
          },
          {
            "name": "spark.scheduler.revive.interval",
            "type": "uniform_int",
            "log": false,
            "lower": 1,
            "upper": 10,
            "default": 1
          },
          {
            "name": "spark.shuffle.accurateBlockThreshold",
            "type": "uniform_int",
            "log": false,
            "lower": 1048576,
            "upper": 314572800,
            "default": 104857600
          },
          {
            "name": "spark.shuffle.file.buffer",
            "type": "uniform_int",
            "log": false,
            "lower": 1,
            "upper": 300,
            "default": 32
          },
          {
            "name": "spark.shuffle.mapOutput.minSizeForBroadcast",
            "type": "uniform_int",
            "log": false,
            "lower": 100,
            "upper": 3000,
            "default": 512
          },
          {
            "name": "spark.shuffle.registration.maxAttempts",
            "type": "uniform_int",
            "log": false,
            "lower": 1,
            "upper": 5,
            "default": 3
          },
          {
            "name": "spark.shuffle.registration.timeout",
            "type": "uniform_int",
            "log": false,
            "lower": 1000,
            "upper": 10000,
            "default": 5000
          },
          {
            "name": "spark.shuffle.service.index.cache.size",
            "type": "uniform_int",
            "log": false,
            "lower": 1,
            "upper": 300,
            "default": 100
          },
          {
            "name": "spark.shuffle.spill.diskWriteBufferSize",
            "type": "uniform_int",
            "log": false,
            "lower": 1048576,
            "upper": 104857600,
            "default": 1048576
          },
          {
            "name": "spark.shuffle.unsafe.file.output.buffer",
            "type": "uniform_int",
            "log": false,
            "lower": 1,
            "upper": 300,
            "default": 32
          },
          {
            "name": "spark.speculation.interval",
            "type": "uniform_int",
            "log": false,
            "lower": 100,
            "upper": 1000,
            "default": 100
          },
          {
            "name": "spark.speculation.quantile",
            "type": "uniform_float",
            "log": false,
            "lower": 0.1,
            "upper": 1.0,
            "default": 0.75
          },
          {
            "name": "spark.sql.adaptive.rebalancePartitionsSmallPartitionFactor",
            "type": "uniform_float",
            "log": false,
            "lower": 0.1,
            "upper": 1.0,
            "default": 0.2
          },
          {
            "name": "spark.sql.autoBroadcastJoinThreshold",
            "type": "uniform_int",
            "log": false,
            "lower": 10,
            "upper": 3000,
            "default": 100
          },
          {
            "name": "spark.sql.broadcastTimeout",
            "type": "uniform_int",
            "log": false,
            "lower": 300,
            "upper": 30000,
            "default": 600
          },
          {
            "name": "spark.sql.files.maxPartitionBytes",
            "type": "uniform_int",
            "log": false,
            "lower": 10485760,
            "upper": 524288000,
            "default": 134217728
          },
          {
            "name": "spark.sql.shuffle.partitions",
            "type": "uniform_int",
            "log": false,
            "lower": 100,
            "upper": 3000,
            "default": 600
          },
          {
            "name": "spark.sql.sources.parallelPartitionDiscovery.parallelism",
            "type": "uniform_int",
            "log": false,
            "lower": 10,
            "upper": 500,
            "default": 60
          },
          {
            "name": "spark.stage.maxConsecutiveAttempts",
            "type": "uniform_int",
            "log": false,
            "lower": 1,
            "upper": 10,
            "default": 4
          },
          {
            "name": "spark.storage.localDiskByExecutors.cacheSize",
            "type": "uniform_int",
            "log": false,
            "lower": 100,
            "upper": 3000,
            "default": 1000
          },
          {
            "name": "spark.storage.memoryMapThreshold",
            "type": "uniform_int",
            "log": false,
            "lower": 1,
            "upper": 10,
            "default": 2
          },
          {
            "name": "spark.storage.unrollMemoryThreshold",
            "type": "uniform_int",
            "log": false,
            "lower": 1048576,
            "upper": 8388608,
            "default": 1048576
          },
          {
            "name": "spark.task.cpus",
            "type": "uniform_int",
            "log": false,
            "lower": 1,
            "upper": 8,
            "default": 1
          },
          {
            "name": "spark.task.maxFailures",
            "type": "uniform_int",
            "log": false,
            "lower": 1,
            "upper": 10,
            "default": 4
          },
          {
            "name": "spark.task.reaper.pollingInterval",
            "type": "uniform_int",
            "log": false,
            "lower": 5,
            "upper": 60,
            "default": 10
          }
        ],
        "conditions": [],
        "forbiddens": [],
        "python_module_version": "0.6.1",
        "json_format_version": 0.4
      }
    },
    "compressor": {
      "strategy": "none",
      "original_params": 51,
      "compressed_params": 51,
      "computed_params": 0,
      "range_compression_details": {}
    }
  },
  "global_start_time": "2025-11-02T21:09:19.480155",
  "observations": [
    {
      "config": {
        "spark.broadcast.blockSize": 4,
        "spark.default.parallelism": 600,
        "spark.driver.cores": 1,
        "spark.driver.maxResultSize": 2048,
        "spark.driver.memory": 20,
        "spark.driver.memoryOverhead": 1024,
        "spark.executor.cores": 16,
        "spark.executor.heartbeatInterval": 10,
        "spark.executor.instances": 12,
        "spark.executor.memory": 52,
        "spark.executor.memoryOverhead": 1024,
        "spark.files.fetchTimeout": 60,
        "spark.files.maxPartitionBytes": 134217728,
        "spark.files.openCostInBytes": 4194304,
        "spark.io.compression.snappy.blockSize": 32,
        "spark.kryoserializer.buffer": 64,
        "spark.kryoserializer.buffer.max": 64,
        "spark.locality.wait": 0,
        "spark.memory.fraction": 0.6,
        "spark.memory.offHeap.size": 1,
        "spark.memory.storageFraction": 0.5,
        "spark.network.timeout": 600,
        "spark.network.timeoutInterval": 60,
        "spark.reducer.maxSizeInFlight": 48,
        "spark.scheduler.excludeOnFailure.unschedulableTaskSetTimeout": 120,
        "spark.scheduler.maxRegisteredResourcesWaitingTime": 30,
        "spark.scheduler.minRegisteredResourcesRatio": 0.8,
        "spark.scheduler.revive.interval": 1,
        "spark.shuffle.accurateBlockThreshold": 104857600,
        "spark.shuffle.file.buffer": 32,
        "spark.shuffle.mapOutput.minSizeForBroadcast": 512,
        "spark.shuffle.registration.maxAttempts": 3,
        "spark.shuffle.registration.timeout": 5000,
        "spark.shuffle.service.index.cache.size": 100,
        "spark.shuffle.spill.diskWriteBufferSize": 1048576,
        "spark.shuffle.unsafe.file.output.buffer": 32,
        "spark.speculation.interval": 100,
        "spark.speculation.quantile": 0.75,
        "spark.sql.adaptive.rebalancePartitionsSmallPartitionFactor": 0.2,
        "spark.sql.autoBroadcastJoinThreshold": 100,
        "spark.sql.broadcastTimeout": 600,
        "spark.sql.files.maxPartitionBytes": 134217728,
        "spark.sql.shuffle.partitions": 600,
        "spark.sql.sources.parallelPartitionDiscovery.parallelism": 60,
        "spark.stage.maxConsecutiveAttempts": 4,
        "spark.storage.localDiskByExecutors.cacheSize": 1000,
        "spark.storage.memoryMapThreshold": 2,
        "spark.storage.unrollMemoryThreshold": 1048576,
        "spark.task.cpus": 1,
        "spark.task.maxFailures": 4,
        "spark.task.reaper.pollingInterval": 10
      },
      "objectives": [
        53.433102465443085
      ],
      "constraints": null,
      "trial_state": 0,
      "elapsed_time": 0.6405605207158007,
      "create_time": "2025-11-02T21:09:19.480240",
      "extra_info": {
        "origin": "Default Configuration",
        "qt_time": {
          "q10": 0.403182072331321,
          "q11": 0.051862142285817425,
          "q12": 0.8564371143210443,
          "q13": 0.12838620000444212,
          "q14a": 0.20693064129612315,
          "q14b": 0.6516376791382396,
          "q15": 0.6740051382438118,
          "q16": 0.3698373511688251,
          "q17": 0.2801818566711758,
          "q18": 0.07005459894757082,
          "q19": 0.788697026930763,
          "q1": 0.41955263076470173,
          "q20": 0.363332969797893,
          "q21": 0.4871462726275856,
          "q22": 0.3756742060458692,
          "q23a": 0.6476494194001896,
          "q23b": 0.31703231767318385,
          "q24a": 0.06058647911789272,
          "q24b": 0.8307684533567399,
          "q25": 0.15977570170542033,
          "q26": 0.4878281518374402,
          "q27": 0.9592558210614046,
          "q28": 0.5063504999426521,
          "q29": 0.6467282720793345,
          "q2": 0.939465473927085,
          "q30": 0.9240117588630986,
          "q31": 0.5110232720926657,
          "q32": 0.8783720258340619,
          "q33": 0.4717192823283376,
          "q34": 0.5125144454024023,
          "q35": 0.43606967713025024,
          "q36": 0.6818661281507489,
          "q37": 0.25992532863205986,
          "q38": 0.7261712050625283,
          "q39a": 0.15546058302343502,
          "q39b": 0.3215998100136024,
          "q3": 0.593299111560624,
          "q40": 0.7101951645047944,
          "q41": 0.2541551377258794,
          "q42": 0.808680152062502,
          "q43": 0.02940915979565706,
          "q44": 0.35207362224170735,
          "q45": 0.7507311596215281,
          "q46": 0.679632121499582,
          "q47": 0.9877904824031659,
          "q48": 0.03168818391265782,
          "q49": 0.8576595682117744,
          "q4": 0.20068120766537956,
          "q50": 0.7545175466940904,
          "q51": 0.6714053067275375,
          "q52": 0.896706573931855,
          "q53": 0.7627508193306511,
          "q54": 0.627783746062985,
          "q55": 0.6973755945910359,
          "q56": 0.6874736067290719,
          "q57": 0.8969137838169381,
          "q58": 0.5636417033592923,
          "q59": 0.9379109832813615,
          "q5": 0.7729037689705742,
          "q60": 0.9069675705631515,
          "q61": 0.09894506745848275,
          "q62": 0.655711601148576,
          "q63": 0.9574923546050156,
          "q64": 0.1005517400918563,
          "q65": 0.18197427685349843,
          "q66": 0.29667653627002555,
          "q67": 0.9624576156335669,
          "q68": 0.06355354630905019,
          "q69": 0.8752978442978334,
          "q6": 0.918900250497945,
          "q70": 0.7067644947325941,
          "q71": 0.21005244182855975,
          "q72": 0.8375652003147946,
          "q73": 0.571078853120046,
          "q74": 0.07909996163827804,
          "q75": 0.283270988270906,
          "q76": 0.6685712692895748,
          "q77": 0.5294031107836396,
          "q78": 0.58391785375027,
          "q79": 0.8461149154142772,
          "q7": 0.09605023240346877,
          "q80": 0.4190223008558168,
          "q81": 0.32195610801026553,
          "q82": 0.6710493324408409,
          "q83": 0.46820877532502214,
          "q84": 0.2628635343093857,
          "q85": 0.26757828317951593,
          "q86": 0.36143297559027154,
          "q87": 0.9728861923757003,
          "q88": 0.7785642765136073,
          "q89": 0.1412186919380113,
          "q8": 0.2280372299043507,
          "q90": 0.6079754757793732,
          "q91": 0.44268342067636957,
          "q92": 0.19819067592483497,
          "q93": 0.6395548985311226,
          "q94": 0.06340646902092306,
          "q95": 0.6934175214851463,
          "q96": 0.07172944865281161,
          "q97": 0.060956090425419385,
          "q98": 0.7460190289372246,
          "q99": 0.9649861137774215,
          "q9": 0.5344773846038595
        },
        "et_time": {
          "q10": 0.03534623544112492,
          "q11": 0.43429702467127496,
          "q12": 0.5843784040040733,
          "q13": 0.47280023750572353,
          "q14a": 0.6147546597480256,
          "q14b": 0.5218604342143341,
          "q15": 0.9919429387333764,
          "q16": 0.6502792599962567,
          "q17": 0.06776489905004646,
          "q18": 0.7242737841117586,
          "q19": 0.8136416684189925,
          "q1": 0.23236397946592258,
          "q20": 0.625091908045108,
          "q21": 0.4983168360364296,
          "q22": 0.8394640751117934,
          "q23a": 0.45338530053868353,
          "q23b": 0.024309968095531653,
          "q24a": 0.6423035051986001,
          "q24b": 0.06432764958962578,
          "q25": 0.9322458742964739,
          "q26": 0.19857196490948825,
          "q27": 0.4737889197900851,
          "q28": 0.7949200114696006,
          "q29": 0.6628882978805731,
          "q2": 0.303998058923564,
          "q30": 0.3945910244226919,
          "q31": 0.1473166011964302,
          "q32": 0.26523744639682434,
          "q33": 0.5655146289607941,
          "q34": 0.4454116775139849,
          "q35": 0.6549044943631291,
          "q36": 0.5742662222879712,
          "q37": 0.5111940695414203,
          "q38": 0.1231549533177746,
          "q39a": 0.934490478623807,
          "q39b": 0.39783693689699073,
          "q3": 0.6208455006652214,
          "q40": 0.30403042986917106,
          "q41": 0.40733269052260646,
          "q42": 0.6925820371012421,
          "q43": 0.11094418464663192,
          "q44": 0.11744586927669731,
          "q45": 0.5282951096943572,
          "q46": 0.2787811296908641,
          "q47": 0.025242557924311626,
          "q48": 0.40997904127074924,
          "q49": 0.8990020648430787,
          "q4": 0.9728933625867486,
          "q50": 0.5622451205415128,
          "q51": 0.4897682239771385,
          "q52": 0.2843942188729338,
          "q53": 0.9770819173057654,
          "q54": 0.062422551937668436,
          "q55": 0.5319906521689689,
          "q56": 0.7375178389783527,
          "q57": 0.9872677268433366,
          "q58": 0.31226913435320036,
          "q59": 0.21349876778155485,
          "q5": 0.04256780642012936,
          "q60": 0.7119871752602104,
          "q61": 0.1566482488850044,
          "q62": 0.8342788577831812,
          "q63": 0.5704351740866437,
          "q64": 0.4369174134382904,
          "q65": 0.17728610485244,
          "q66": 0.4346261297574936,
          "q67": 0.25812131820027184,
          "q68": 0.624225728666195,
          "q69": 0.44533208094203924,
          "q6": 0.8173331715027256,
          "q70": 0.19563772412751168,
          "q71": 0.793386043887879,
          "q72": 0.2529053375227708,
          "q73": 0.3019881719211738,
          "q74": 0.14509706557209245,
          "q75": 0.6983263114325338,
          "q76": 0.9748544781482983,
          "q77": 0.8147099295989844,
          "q78": 0.42162713295704823,
          "q79": 0.4468992749872195,
          "q7": 0.9740755069352538,
          "q80": 0.792072472265761,
          "q81": 0.1154036643547467,
          "q82": 0.25692921800800306,
          "q83": 0.8134899997368936,
          "q84": 0.08999522787124836,
          "q85": 0.6528194616087257,
          "q86": 0.5412200363580738,
          "q87": 0.7761578572384634,
          "q88": 0.5210805754747646,
          "q89": 0.09025555224355497,
          "q8": 0.46288476967202785,
          "q90": 0.5026640365192785,
          "q91": 0.8350533986076849,
          "q92": 0.6842786206292206,
          "q93": 0.1309066074785441,
          "q94": 0.9563241780385108,
          "q95": 0.4999028651446962,
          "q96": 0.7773348996200236,
          "q97": 0.8466118252193338,
          "q98": 0.7391010149020254,
          "q99": 0.3242491663654803,
          "q9": 0.6023608112952669
        }
      }
    }
  ]
}